Igemon (1741),,49.60,45.63,Nemeion,Agiorgitiko,2007,750ml,14%
Freedom (3929),,27.30,25.12,Avantis,Syrah,2016,750ml,14%
Plagies Gerakion - White (2516),,,,Avantis,Sauvignon Blanc,2017,750ml,13%
Malagouzia Drios Karadimou (2915),,12.10,11.13,Karadimos,Malagouzia,2017,750ml,
Porto Carras - Malagouzia  (468),,,,Porto Carras,Malagouzia,2018,750ml,13.5%
Melissanthi (467),,9.50,8.55,Porto Carras,Athiri,2018,750ml,13.5%
Chateau Porto Carras (472),,15.50,13.95,Porto Carras,Cabernet Franc,2010,750ml,13.5%
Agionymo Lafkiotis (2647),,12.30,11.31,Lafkiotis,Agiorgitiko,2000,750ml,12.5%
Plagies Gerakion - Red (2517),,22.40,20.59,Avantis,Syrah,2016,750ml,14%
Hilia Stafilia (3805),,8.60,,Karadimos,Cabernet Sauvignon,2017,750ml,
Semeli Mantinea - Nasiakos (31),,,,Semeli,Moshofilero,2009,750ml,12%
Mikri Kivotos - White (960),,10.20,9.18,Lantides,Malagouzia,750ml,12.5%,
Orinos Helios - White (484),,,,Semeli,Sauvignon Blanc,2009,750ml,12%
Boutari - Agiorgitiko (3),,,,Boutari,Agiorgitiko,2017,750ml,12.5%
Orinos Helios - Rose (2256),,8.60,7.74,Semeli,Agiorgitiko,2009,750ml,13%
Foloi (388),,8.80,7.92,Mercury,Viognier,2018,750ml,12.6%
Lantides Estate - Chrysampelo (1745),,8.40,7.73,Lantides,Cabernet Sauvignon,2005,750ml,13.9%
Orinos Helios - Red (490),,8.60,7.74,Semeli,Syrah,2017,750ml,13%
Anosis (1749),,8.80,7.92,Lantides,Moshofilero,2018,750ml,12%
Moschofilero Lafkiotis (2648),,7.40,6.81,Lafkiotis,Moshofilero,2007,750ml,11.5%
Alexandra (2544),,12.10,11.13,Claudia Papayianni,Malagouzia,2018,750ml,12%
CP White (2545),,10.40,9.57,Claudia Papayianni,Viognier,2017,750ml,12.2%
Oros (4078),,13.00,11.96,Akrathos,Sauvignon Blanc,2017,13.2%,
Giorti - White (2696),,6.60,5.94,Semeli,Agiorgitiko,750ml,,
Domaine Claudia Papayianni White (2543),,13.30,12.24,Claudia Papayianni,Chardonnay,2016,750ml,12.6%
Terra Leone - Ammos Reserve (73),,16.60,15.27,Palivos,Agiorgitiko,2006,750ml,14%
Boutari - Kritikos Red (3037),,5.30,4.77,Boutari,Kotsifali,2016,750ml,12%
Palivou Estate - Nemea (74),,10.90,10.03,Palivos,Agiorgitiko,2006,750ml,13.5%
Vineyard Palivou - Petrines Plagies (76),,,,Palivos,Chardonnay,2009,750ml,13.5%
ANAX (154),,36.00,33.12,Antonopoulos,Chardonnay,2018,750ml,14%
Notes Rose (228),,11.80,10.62,Gentilini Kosmetatos,Moshofilero,2018,750ml,12.5%
Iliostalachtos - White (2074),,6.90,6.17,Symeonidis,Sauvignon Blanc,2018,750ml,12.5%
Matsa - Malagouzia (418),,,,Matsa,Malagouzia,2018,750ml,13%
Iliostalachtos - Red (2075),,8.20,7.35,Symeonidis,Cabernet Sauvignon,2013,750ml,13%
Lampadias (397),,,,Mercury,Syrah,2017,750ml,12.5%
4 Epoches (9),,9.90,9.11,Boutari,Chardonnay,2010,750ml,12%
Piccolo Mondo - White (2697),,6.60,5.94,Semeli,Moshofilero,750ml,,
Ampelois Gold (2183),,15.40,14.17,Ampelois,Merlot,2012,750ml,14%
Symfonia (2186),,11.70,10.76,Ampelois,Sauvignon Blanc,2017,750ml,13%
Vissinokipos (75),,,,Palivos,Agiorgitiko,2008,750ml,13.5%
Karipidis - Sangiovese (355),,16.90,15.55,Karipidis,Sangiovese,2014,750ml,14%
Nea Dris- Cabernet (162),,20.40,18.77,Antonopoulos,Cabernet Franc,2015,750ml,15,5%
Notes Red (226),,13.50,12.43,Gentilini Kosmetatos,Syrah,2017,750ml,13%
Coma Berenices (391),,14.10,12.97,Mercury,Viognier,2017,750ml,13%
Domaine Mercouri "Cava" (394),,24.00,22.08,Mercury,Refosco,2014,750ml,14%
Callisto (390),,,,Mercury,Robola,2018,750ml,12.5%
Mercouri Estate - Red (395),,14.10,12.97,Mercury,Refosco,2017,750ml,13%
Igemon (1741),,49.60,45.63,Nemeion,Agiorgitiko,2007,750ml,14%
Idypnoos Merlot (510),,12.00,11.04,Symeonidis,Cabernet Sauvignon,2013,750ml,13%
Scalarea (1107),,16.30,15.00,Boutari,Syrah,2013,750ml,14%
Freedom (3929),,27.30,25.12,Avantis,Syrah,2016,750ml,14%
Kokkino Fili (511),,9.60,8.62,Symeonidis,Grenache Rouge,2017,750ml,13%
Plagies Gerakion - White (2516),,,,Avantis,Sauvignon Blanc,2017,750ml,13%
Agionymo Lafkiotis (2647),,12.30,11.31,Lafkiotis,Agiorgitiko,2000,750ml,12.5%
Malagouzia Drios Karadimou (2915),,12.10,11.13,Karadimos,Malagouzia,2017,750ml,
Chateau Porto Carras (472),,15.50,13.95,Porto Carras,Cabernet Franc,2010,750ml,13.5%
Porto Carras - Malagouzia  (468),,,,Porto Carras,Malagouzia,2018,750ml,13.5%
Semeli Mantinea - Nasiakos (31),,,,Semeli,Moshofilero,2009,750ml,12%
Melissanthi (467),,9.50,8.55,Porto Carras,Athiri,2018,750ml,13.5%
Hilia Stafilia (3805),,8.60,,Karadimos,Cabernet Sauvignon,2017,750ml,
Orinos Helios - White (484),,,,Semeli,Sauvignon Blanc,2009,750ml,12%
Orinos Helios - Rose (2256),,8.60,7.74,Semeli,Agiorgitiko,2009,750ml,13%
Karipidis - Nebbiolo (2512),,17.30,15.92,Karipidis,Nebbiolo,2012,750ml,13,5%
Karipidis - Sauvignon Blanc Fume (2562),,14.60,13.43,Karipidis,Sauvignon Blanc,2018,750ml,12,5%
Cava Boutari  (2502),,10.40,9.57,Boutari,Cabernet Sauvignon,2010,750ml,13.5%
Plagies Gerakion - Red (2517),,22.40,20.59,Avantis,Syrah,2016,750ml,14%
Syrah Boutari (2617),,10.60,9.74,Boutari,Syrah,2016,750ml,14%
Vriniotis Syrah Wild Fermentation (2716),,43.60,40.11,Vrinioti Wines,Syrah,2015,750ml,
Malagouzia Markou (3092),,7.70,7.05,Markou,Malagouzia,2018,750ml,12.5%
ERGO Lantides White (3209),,10.00,9.20,Lantides,Sauvignon Blanc,2018,750ml,
Karipidis - Rose (4058),,,,Karipidis,Sangiovese,2018,750ml,12,5%
Oropedio (3175),,10.30,9.46,Boutari,Moshofilero,2017,11.5%,
Orinos Helios - Red (490),,8.60,7.74,Semeli,Syrah,2017,750ml,13%
La Vie en Rose (3255),,10.20,9.38,Palivos,Moshofilero,2008,750ml,11.5%
Savatiano Markou (4263),,7.40,6.80,Markou,Agiorgitiko,2018,750ml,
Dio Filoi - Pinot Noir (2274),,14.90,13.73,Dio Filoi,Pinot Noir,2016,750ml,13%
Sgouridis - Rose  (2420),,9.70,8.92,Sgouridis,Syrah,2016,750ml,12%
Terra Levea Red (2856),,8.60,7.88,Karanika,Cabernet Sauvignon,2015,750ml,13,5%
Ampelois - Malagouzia (2286),,13.00,11.96,Ampelois,Malagouzia,2018,750ml,12.5%
Savatiano Markou (4264),,8.70,8.00,Markou,Agiorgitiko,2016,750ml,
Little Arc - Rose (4046),,10.60,9.55,Lantides,Moshofilero,2017,750ml,
Lantides Estate - Nemea (1744),,10.10,9.09,Lantides,Agiorgitiko,2005,750ml,13%
Boutari - Ode  (6),,,,Boutari,Cabernet Sauvignon,2010,750ml,13.5%
Cava Lantides (1746),,17.40,16.01,Lantides,Cabernet Sauvignon,2005,750ml,14%
Ergo- Rose (1747),,9.50,8.74,Lantides,Cabernet Sauvignon,2018,750ml,13%
Symeonidis - Malagouzia  (2073),,10.70,9.62,Symeonidis,Malagouzia,2018,750ml,12.5%
Anemos - Red (2231),,7.50,6.90,Palivos,Agiorgitiko,2003,750ml,13%
Dio Filoi - White (2273),,,,Dio Filoi,Gewurztraminer,2018,750ml,13%
Karipidis - Merlot (2017),,14.70,13.52,Karipidis,Merlot,2014,750ml,14%
Adoli Ghi - White (1882),,,,Antonopoulos,Chardonnay,2018,750ml,11.5%
Karipidis - Sauvignon Blanc (2015),,11.30,10.40,Karipidis,Sauvignon Blanc,2018,750ml,12.5%
Ampelois Silver (2184),Available in three work days,14.80,13.62,Ampelois,Cabernet Sauvignon,2014,750ml,13.5%
Anemos - White (2407),,,,Palivos,Roditis,2018,750ml,13%
Philosopher (4080),,17.50,16.10,Akrathos,Agiorgitiko,2015,13.3%,
Karipidis - Syrah (2381),,14.50,13.34,Karipidis,Syrah,2013,750ml,13.5%
Alpha Estate - Pinot Noir (100),,16.70,15.36,ALPHA,Pinot Noir,2017,750ml,14.5%
Alpha Estate - Syrah Chelones (1997),,13.40,12.33,ALPHA,Syrah,2016,750ml,14%
Rapsani (11),,9.60,8.83,Tsantalis,Krasato,2016,750ml,13.5%
Neilys Malagouzia (2316),,9.90,9.11,Anastasia Fragou,Malagouzia,2018,750ml,12.5%
Alpha Estate - Malagouzia (2246),,10.70,9.84,ALPHA,Malagouzia,2018,750ml,13%
Alpha Estate - Red (1994),,23.20,21.34,ALPHA,Merlot,2016,750ml,14.5%
Alpha Estate - Sauvignon Blanc (1921),,,,ALPHA,Sauvignon Blanc,2018,750ml,13%
CP Red (2546),,10.90,10.03,Claudia Papayianni,Cabernet Sauvignon,2016,750ml,12.8%
Nea Dris- Cabernet (4092),,6.00,5.52,Cavino,Cabernet Sauvignon,750ml,,
Agiorgitiko Gaia (236),,10.00,8.98,Gaia,Agiorgitiko,2017,750ml,13.5%
Hatzimichalis Estate - Cabernet Sauvignon (47),,16.10,14.81,Chatzimichalis,Cabernet Sauvignon,2011,750ml,13.5%
Semeli Nemea Reserve (494),,11.40,10.26,Semeli,Agiorgitiko,2015,750ml,13%
Orino White (2448),,7.20,,Spiropoulos,Moshofilero,2018,750ml,11.5%
Kanenas - White (537),,10.50,9.66,Tsantalis,Chardonnay,2018,750ml,12%
Estate Hadjimichali - Kapnias "Vineyard Zygos" (562),,24.80,22.82,Chatzimichalis,Chardonnay,2017,750ml,14%
Gaia S - Syrah & Agiorgitiko (235),,,,Gaia,Syrah,2017,750ml,14%
Retinitis Nobilis (233),,8.50,7.62,Gaia,Roditis,750ml,12%,
Anatolikos (239),,21.70,19.94,Gaia,Agiorgitiko,2006,500ml,13.8%
Vinsanto by Gaia  (2668),,36.10,,Gaia,Aidani,2006,500ml,14%
Hatzimichalis Estate - Opus IB Cabernet Franc (2795),,42.40,39.01,Chatzimichalis,Cabernet Franc,2004,750ml,13%
Kanenas - Red (541),,13.60,12.51,Tsantalis,Syrah,2016,750ml,13.5%
Gaia 4-6h (3872),,9.80,8.73,Gaia,Agiorgitiko,2018,750ml,12%
Hatzimichalis Estate - Merlot "Vineyard Alargino" (1548),,30.00,27.60,Chatzimichalis,Merlot,2011,750ml,13.5%
Kormilitsa - White (1757),,28.50,26.22,Tsantalis,Chardonnay,2017,750ml,12.5%
Paros  White (3995),,11.20,10.08,Moraitis,Monemvasia,2018,750ml,
Kormilitsa - Red (1756),,51.40,47.29,Tsantalis,Cabernet Sauvignon,2014,750ml,14%
Gaia Estate - Red (234),,24.90,22.91,Gaia,Agiorgitiko,2016,750ml,14%
Moraitis Rose (3997),,11.80,10.62,Moraitis,Aidani,2018,750ml,
Paros Reserve (3998),,18.60,16.74,Moraitis,Mantilaria,2015,750ml,
Savatiano (4270),,10.20,9.38,Anastasia Fragou,Merlot,2018,750ml,13%
Amethystos - Sauvignon Blanc (35),,14.90,13.71,Lazaridis Costas,Sauvignon Blanc,2010,750ml,12%
Savatiano (4269),,10.20,9.38,Anastasia Fragou,Cabernet Sauvignon,2017,750ml,13%
Malvasia Paros (4313),,29.80,27.42,Moraitis,Monemvasia,2016,500ml,
Amethystos - Rose (38),,11.80,10.86,Lazaridis Costas,Cabernet Sauvignon,2006,750ml,13%
Estate Hadjimichali - Kapnias "Vineyard Zygos" (563),,27.50,25.30,Chatzimichalis,Cabernet Sauvignon,2011,750ml,14%
Amethystos - White (36),,11.80,10.86,Lazaridis Costas,Sauvignon Blanc,2010,750ml,12%
Amethystos Cava (45),,24.60,22.63,Lazaridis Costas,Cabernet Franc,2006,750ml,13%
Chateau Julia - Refosco Agiorgitiko (41),,18.40,16.93,Lazaridis Costas,Refosco,2010,750ml,14.5%
Feggites - White (2132),,11.50,10.58,Oinogenesis,Sauvignon Blanc,2017,750ml,12.5%
Oenotria Ghi  - Syrah & Agiorgitiko (326),,37.20,34.22,Lazaridis Costas,Syrah,2016,750ml,14.5%
Domaine Costa Lazaridi - Syrah (63),,18.00,16.56,Lazaridis Costas,Syrah,2005,750ml,14%
Paros  Red (3996),,13.60,12.24,Moraitis,Mantilaria,2016,750ml,
Ten - White (2135),,17.20,15.82,Oinogenesis,Sauvignon Blanc,2012,750ml,12.5%
Scerzo - Rose (2261),,8.30,7.47,Oinogenesis,Grenache Rouge,750ml,12%,
Thyrsus - White (2815),,12.10,11.13,Oinogenesis,Viognier,2016,750ml,12,5%
Feggites - Rose (2134),,11.50,10.58,Oinogenesis,Cabernet Sauvignon,2017,750ml,13%
Douloufakis - Dafnios Red (2579),,8.60,7.91,Douloufakis,Liatiko,2016,750ml,13,5%
Feggites - Red (2133),,15.00,13.80,Oinogenesis,Cabernet Franc,2011,750ml,13.5%
To Mavro Provato - Red (2284),,13.50,12.42,Lazaridis Nico,Merlot,2017,750ml,13%
Paraga - White (2288),,7.30,6.57,Kir Yiannis,Roditis,2018,750ml,13%
Avantis Estate - Red (2417),,7.70,6.93,Avantis,Grenache Rouge,2012,750ml,13.5%
Douloufakis - Enotria White (2998),,5.30,4.77,Douloufakis,Sauvignon Blanc,2018,750ml,
Vinsanto Gavalas (2939),,44.60,41.03,Gavalas,Aidani,2008,500ml,10%
Palaiomylos Malagouzia (2869),,9.90,9.11,Zafeirakis,Malagouzia,2018,750ml,12.5%
Savatiano (4268),,9.90,9.11,Anastasia Fragou,Malagouzia,2018,750ml,12,5%
Kir-Yianni Estate (3107),,11.80,10.86,Kir Yiannis,Merlot,14,5%,2016,750ml
Oenotria Ghi - Cabernet Sauvignon & Agiorgitiko (44),,19.80,18.22,Lazaridis Costas,Cabernet Sauvignon,2016,750ml,14.5%
Amethystos - Red (37),,15.70,14.44,Lazaridis Costas,Cabernet Sauvignon,2009,750ml,14.5%
Magiko Vouno - White (111),,18.00,16.56,Lazaridis Nico,Sauvignon Blanc,2018,750ml,13%
Château Nico Lazaridi - White (58),,11.30,10.40,Lazaridis Nico,Sauvignon Blanc,2018,750ml,12.5%
Nico Lazaridi F - Merlot & Grenache Rouge (61),,12.50,11.50,Lazaridis Nico,Grenache Rouge,2017,750ml,13%
Chrysos Leon - Cabernet Sauvignon (1828),,9.10,8.37,Lazaridis Nico,Cabernet Sauvignon,2017,750ml,13%
Chrysos Leon - Chardonnay (1827),,9.10,8.37,Lazaridis Nico,Chardonnay,2017,750ml,12.5%
Domaine Costa Lazaridi - Malagouzia (4048),,14.30,13.16,Lazaridis Costas,Malagouzia,2005,750ml,13.6%
To Mavro Provato - White (2285),,11.30,10.40,Lazaridis Nico,Sauvignon Blanc,2018,750ml,12.5%
Noima (2693),,74.40,,Palivos,Cabernet Sauvignon,750ml,14,5%,2006
Palpo (3180),,22.30,20.52,Kir Yiannis,Chardonnay,2017,750ml,13%
Douloufakis - Sangiovese (2308),,17.30,15.92,Douloufakis,Cabernet Sauvignon,2014,750ml,13.5%
Thousand Years Red (3170),,11.80,10.86,Barafakas Estate,Cabernet Sauvignon,2013,750ml,
Magiko Vouno - Red (2175),,26.70,24.56,Lazaridis Nico,Cabernet Franc,2013,750ml,14,5%
Theopetra Estate - White (2584),,10.90,10.03,Theopetra,Malagouzia,2018,750ml,13%
Douloufakis - Aspros Lagos Cabernet (2306),,12.50,11.25,Douloufakis,Cabernet Sauvignon,2016,750ml,14%
Μικρή Αρκούδα Ροζέ (4177),,7.20,6.62,Zafeirakis,Syrah,750ml,,
Kir-Yianni Estate (M3107),,34.70,,Kir Yiannis,Merlot,14,5%,1500,
Mple Alepou (2465_2016),,39.70,,Kir Yiannis,Merlot,2016,750ml,14.5%
Techni Alypias - White (2365),,11.50,10.35,Techni Oinou,Sauvignon Blanc,2018,750ml,13%
Tsantali - Moschofilero (2393),,9.30,8.56,Tsantalis,Moshofilero,2017,750ml,11.5%
Epilegmenos Rapsani (534),,15.40,14.17,Tsantalis,Krasato,2014,750ml,13.5%
Ampelou Idea Red (2918),,7.40,6.81,Barafakas Estate,Agiorgitiko,2017,750ml,
Tsantali MONO Agiorgitiko (2394),,8.90,8.19,Tsantalis,Agiorgitiko,2015,750ml,13.5%
Mylonas - Malagouzia (4267),,9.30,8.56,Mylonas,Malagouzia,2018,750ml,
Plano Malagouzia (4044),,11.50,10.58,Techni Oinou,Malagouzia,2017,750ml,
Rossiu di Munte Pinot Noir (304),,27.30,25.12,Katogi,Pinot Noir,2013,750ml,13.5%
Theodorakakos Estate - Rose (2088),,8.70,8.00,Theodorakakos,Agiorgitiko,2018,750ml,12.5%
Synoro Skoura (14),,23.60,21.71,Skouras,Cabernet Franc,2014,750ml,14%
Megas Oenos Skoura (13),,21.70,19.96,Skouras,Cabernet Sauvignon,2015,750ml,13.5%
Lavirinthos (1832),,93.00,,Skouras,Cabernet Sauvignon,750ml,13%,
Cavalieri - White (3089),,14.30,13.16,Lazaridis Nico,Sauvignon Blanc,2017,750ml,12%
Arvanitidi - Chardonnay  (2001),,12.40,11.41,Arvanitidis,Chardonnay,2018,750ml,13.5%
Cavalieri - Red (3088),,18.60,17.11,Lazaridis Nico,Cabernet Franc,2014,750ml,14.5%
Avantis Estate - Sauvignon Blanc (104),,10.50,9.66,Avantis,Sauvignon Blanc,2012,750ml,13%
Avantis Estate - Syrah (108),,12.30,11.32,Avantis,Syrah,2001,750ml,14%
Avantis Estate - Syrah Collection (130),,55.80,51.34,Avantis,Syrah,2011,750ml,14%
Estate Argyros - Aidani (2007),,24.80,22.82,Argyros,Aidani,2018,750ml,12.6%
Dio Elies (323),,15.50,14.26,Kir Yiannis,Merlot,2016,750ml,14.5%
Samaropetra (400),,10.90,9.81,Kir Yiannis,Sauvignon Blanc,2018,750ml,13%
Metoxi Chromitsa - Red (539),,12.10,11.13,Tsantalis,Cabernet Sauvignon,2016,750ml,13.5%
Santorini Nichteri (1321),,18.50,17.02,SantoWines,Aidani,2017,750ml,14%
Nico Lazaridi - Rose (1821),,11.50,10.58,Lazaridis Nico,Grenache Rouge,2018,750ml,13%
Perpetuus - Red (1824),,27.90,25.67,Lazaridis Nico,Cabernet Sauvignon,2011,750ml,13%
Chateau Nico Lazaridi - Red (1823),,14.00,12.88,Lazaridis Nico,Cabernet Sauvignon,2016,750ml,13.5%
Lyrarakis - Vilana (2197),,5.60,5.04,Lyrarakis,Vilana,2010,750ml,12.5%
Rossiu di Munte - Giniets (2410),,24.80,22.82,Katogi,Cabernet Sauvignon,2013,750ml,13.5%
Emphasis - Syrah (2435),,21.70,19.96,Pavlidis,Syrah,2014,750ml,15%
Salto Wild Yeast (2561),,11.80,10.86,Skouras,Moshofilero,2017,750ml,11.5%
Lyrarakis - Kotsifali (2200),,5.60,5.04,Lyrarakis,Kotsifali,2010,750ml,13%
THEMA - White (92),,13.20,12.14,Pavlidis,Sauvignon Blanc,2018,750ml,13%
Grande Cuvee Nemea (115),,18.80,17.30,Skouras,Agiorgitiko,2014,750ml,13.5%
Strofilia Rose (1372),,6.90,6.17,Στροφιλιά,Cabernet Sauvignon,2018,750ml,13%
Manousakis Nostos - Blend (384),,20.20,,Manoussakis,Grenache,2015,750ml,13.5%
Estate Averof - Red (301),,15.70,14.47,Katogi,Cabernet Franc,2011,750ml,13.5%
Katogi Averof - Red (64),,8.40,7.73,Katogi,Cabernet Sauvignon,2016,750ml,13%
Monopati (134),,22.30,20.52,Aivalis,Agiorgitiko,2016,750ml,14%
Estate Papaioannou Nemea - Red (446),,10.40,9.57,Papaioannou,Agiorgitiko,2014,750ml,14%
Papaioannou - Pinot Noir (454),,12.70,11.68,Papaioannou,Pinot Noir,2017,750ml,11.5%
THEMA - Red (462),,16.10,14.81,Pavlidis,Syrah,2015,750ml,14%
Atlantis - White (2008),,13.00,11.70,Argyros,Aidani,2011,750ml,12.5%
Hatzidakis - Vinsanto  (556),,25.90,23.83,Chatzidakis,Aidani,2004,375ml,13%
Skouras - Portes Merlot (2401),,9.30,8.56,Skouras,Merlot,2017,750ml,14%
Agiorgitiko Abaton Gold (533),,43.00,,Tsantalis,Cabernet Sauvignon,2013,750ml,14%
Hatzidakis - Aidani (554),,28.50,25.65,Chatzidakis,Aidani,2017,750ml,12.5%
Lyrarakis - Mandilari "Plakoures" (2196),,15.10,13.89,Lyrarakis,Mantilaria,2012,750ml,12.5%
Atlantis - Rose (2009),,13.00,11.70,Argyros,Mantilaria,2018,750ml,13%
Lyrarakis - Red (2204),,9.50,8.74,Lyrarakis,Syrah,2011,750ml,13%
Efhes ... Eratines - Red (2262),,14.40,13.27,Pieria Eratini,Cabernet Sauvignon,2016,750ml,14%
Emphasis - Chardonnay (2433),,16.10,14.81,Pavlidis,Chardonnay,2017,750ml,14%
Efhes ... Eratines - Sweet (2880),,16.30,15.02,Pieria Eratini,Malagouzia,2013,375ml,13%
Deux Dieux (3970),,29.30,26.96,Aivalis,Syrah,2016,750ml,
Kormilitsa - Gold (2873),,119.20,,Tsantalis,Cabernet Sauvignon,2013,750ml,14%
Kechribari Retsina (3224),,5.80,5.22,Kechris,Roditis,,,
Rapsani Grand Reserve (3183),,24.90,22.91,Tsantalis,Krasato,2011,750ml,
THEMA - Rose (465),,12.00,11.04,Pavlidis,Tempranillo,2018,750ml,13%
Biblia Chora Estate - White (49),,12.50,,Vivlia Chora,Sauvignon Blanc,2018,750ml,13.5%
Ovilos - Red (209),,27.50,,Vivlia Chora,Cabernet Sauvignon,2013,750ml,14%
Apiliotis Mezzo (480),,36.70,33.76,Sigalas,Mantilaria,2011,500ml,9%
Gerovassiliou - White (1768),,12.50,,Γεροβασιλείου (Κτήμα),Malagouzia,2018,750ml,12.5%
Four "4" (2445_2010),,74.60,68.63,Aivalis,Agiorgitiko,2014,750ml,14%
Skouras - Agiorgitiko  (15),,9.70,8.92,Skouras,Agiorgitiko,2016,750ml,13.5%
Kalogeri Malagouzia (2871),,10.50,9.66,Papagiannakos,Malagouzia,2017,750ml,12%
Nostos Grenache (387),,19.10,,Manoussakis,Grenache Rouge,2016,750ml,14.5%
Gerovassiliou - Chardonnay (242),,18.80,,Γεροβασιλείου (Κτήμα),Chardonnay,2017,750ml,13.5%
Santorini Nichteri Reserve (1322),,25.40,23.37,SantoWines,Aidani,2016,750ml,13,9%
Gerovassiliou - Evangelo (244),,31.20,,Γεροβασιλείου (Κτήμα),Syrah,2015,750ml,14%
Gerovassiliou - Red (55),,16.30,,Γεροβασιλείου (Κτήμα),Merlot,2016,750ml,13.5%
Kikones White (2675),,,,Kikones,Chardonnay,2017,750ml,13.5%
Gerovassiliou - Syrah (245),,19.40,,Γεροβασιλείου (Κτήμα),Syrah,2015,750ml,14%
Trilogia (363),,34.90,,Kokalis,Cabernet Sauvignon,2014,750ml,14%
Samos Grand Cru 0.5lt (2494),,7.80,,Samos,Moshato Samou,2016,500ml,15%
Psithiros Red (2893),,11.90,,Silva-Daskalaki,Cabernet Sauvignon,2014,750ml,13,5%
Ftelia (2233),,17.00,,Tsiolis,Cabernet Sauvignon,2007,750ml,12.5%
Kalogeri Malagouzia (2871_2017),,10.50,9.66,Papagiannakos,Malagouzia,2017,750ml,12%
Samos Anthemis 0.5lt (2557),,8.80,,Samos,Moshato Samou,2011,500ml,15%
Instinct Red (2891),,19.20,,Silva-Daskalaki,Syrah,2011,750ml,14%
Nemea Epilegmenos (443),,22.50,20.70,Parparousis,Agiorgitiko,2013,750ml,13%
Plagios - Red (2501),,19.40,,Vivlia Chora,Merlot,2012,750ml,15%
Chateau Porto Carras Magnum (M472),,43.80,,Porto Carras,Cabernet Franc,1500,13.5%,
Kanenas - Rose (543),,12.00,11.04,Tsantalis,Syrah,2017,750ml,12.5%
Oinari (440),,8.90,,Parparousis,Agiorgitiko,2015,750ml,12.5%
Estate Argyros - Vinsanto 4 years (2620),,31.00,,Argyros,Aidani,2011,500ml,13.5%
Vinsanto 12 years Barrel Aged (2630),,55.80,,Argyros,Aidani,2016,13,5%,
Meliasto (18),,8.30,,Spiropoulos,Agiorgitiko,2017,750ml,12%
Gerovassiliou - Malagouzia Late Harvest (246),,24.80,,Γεροβασιλείου (Κτήμα),Malagouzia,2015,500ml,13%
Frouri - Mantinea (501),,7.40,,Spiropoulos,Moshofilero,2016,750ml,12%
Ode Panos (505),,10.10,,Spiropoulos,Moshofilero,2016,750ml,11.5%
Vogiatzis - White (2669),,8.70,,Vogiatzis,Chardonnay,2017,750ml,12,5%
Domaine Katsaros - Red (296),,22.10,,Katsaros,Cabernet Sauvignon,2013,750ml,14%
Frouri Nemea (3051),,8.20,,Spiropoulos,Agiorgitiko,2014,750ml,13.5%
Biblia Chora Estate - Red (48),,16.30,,Vivlia Chora,Cabernet Sauvignon,2017,750ml,13.5%
Vogiatzis Estate - Red (2879),,10.40,,Vogiatzis,Cabernet Sauvignon,2016,750ml,13,5%
Iouliatiko (2216),,26.20,24.11,Boutari,Liatiko,2006,500ml,15%
Refosco Klonos Mercury (2222),,18.50,17.16,Mercury,Refosco,2016,750ml,13%
AENAON Merlot (1784),Available in three work days,12.60,11.34,Lantides,Merlot,2016,750ml,13.5%
Bee (2694),Available in three work days,8.90,8.19,Palivos,Agiorgitiko,,,
ANAX (154_2015),,27.50,25.30,Antonopoulos,Chardonnay,2015,750ml,14%
Folia (2185),Available in three work days,11.70,10.76,Ampelois,Chardonnay,2017,750ml,13%
Gentilini Robola Kefalonia Wild Paths (3810),,21.70,19.53,Gentilini Kosmetatos,Robola,2018,750ml,13.2%
Gentilini Syrah (227),Available in three work days,18.00,16.56,Gentilini Kosmetatos,Syrah,2017,750ml,13.5%
Notes White (80),Available in three work days,10.90,9.81,Gentilini Kosmetatos,Sauvignon Blanc,2011,750ml,13%
Porto Carras - Syrah (2257),Available in three work days,20.10,18.46,Porto Carras,Syrah,2007,750ml,12%
Boutari - Moschofilero (10),Available in three work days,8.20,7.38,Boutari,Moshofilero,2018,750ml,11%
Karipidis - Chardonnay (354),,15.70,14.44,Karipidis,Chardonnay,2018,750ml,12.5%
Chardonnay Lantides (1748),Available in three work days,10.10,9.09,Lantides,Chardonnay,2018,750ml,13%
Gentilini Robola Kefalonia (224),,15.10,13.59,Gentilini Kosmetatos,Robola,2018,750ml,13%
Ghi ke Ouranos (4228),,17.10,,Thymiopoulos,Krasato,2016,750ml,13%
Tselepos - Mantinea  (2028),,9.90,8.91,Tselepos,Moshofilero,2018,750ml,12%
Amalia Rose (3145),,16.30,15.00,Tselepos,Agiorgitiko,750ml,,
Gerovassiliou - Viognier (241_2017),,22.00,,Γεροβασιλείου (Κτήμα),Viognier,2017,750ml,13.5%
Dryope Estate - Reserve (52),,17.60,16.19,Dryopi,Agiorgitiko,2015,750ml,14%
Mylopotamos - Nama (2482),,11.80,10.62,Mylopotamos,Merlot,2009,750ml,15%
Delear (4291),,13.60,,Semeli,Grenache Rouge,2018,750ml,13%
Marmarias (85),,17.60,16.19,Tselepos,Chardonnay,2017,750ml,14%
Melissopetra (84),,17.60,16.19,Tselepos,Gewurztraminer,2018,750ml,12.5%
Kokkinomylos (547),,28.50,26.22,Tselepos,Merlot,2017,750ml,14%
Sgouridi Sigma - Red (2245),,10.30,9.48,Sgouridis,Syrah,2015,750ml,13.5%
Kechribari Retsina (Decanter) (3785),,2.70,,Kechris,Roditis,500ml,11.5%,
Sgouridi Sigma - White (2110),,9.10,8.37,Sgouridis,Chardonnay,2016,750ml,13%
Dryope Estate - Rose (261),Available in three work days,9.90,8.91,Dryopi,Agiorgitiko,2017,750ml,13%
Mylonas - Malagouzia (2671),,9.20,8.28,Mylonas,Malagouzia,2018,750ml,12,5%
Douloufakis - Syrah (2282),,11.10,9.99,Douloufakis,Syrah,2014,750ml,13.5%
Psiles Korfes (514),,8.10,,Samos,Moshato Samou,2017,750ml,12%
Estate Papaioannou - Microclimate (457),,31.00,,Papaioannou,Agiorgitiko,2006,750ml,13.5%
Kikones Ippeas (2673),,20.40,18.36,Kikones,Cabernet Sauvignon,2016,750ml,14%
Kikones Syrah (2674),,26.90,24.75,Kikones,Syrah,2015,750ml,13.5%
Sigalas - Mavrotragano Mandilaria (2541),,15.00,13.68,Sigalas,Mantilaria,2017,750ml,13.7%
Sigalas - Vinsanto (481),,46.50,42.78,Sigalas,Aidani,2013,500ml,9%
Kikones Limnio (2672),,26.50,23.85,Kikones,Limnio,2016,750ml,14%
Sigalas - Aidani (2612),,30.50,27.45,Sigalas,Aidani,2014,750ml,13%
Semeli Gewurztraminer (497),,17.40,16.01,Semeli,Gewurztraminer,2018,750ml,
Le Sang de la Pierre  (3802),,28.70,26.40,Aivalis,Agiorgitiko,2017,750ml,
Biblia Chora Estate - Rose (2013),,12.00,,Vivlia Chora,Syrah,2018,750ml,13%
Sigalas - Assyrtiko Monemvasia (4129),,12.40,11.16,Sigalas,Monemvasia,2018,750ml,
Gerovassiliou - Viognier (241),,19.40,,Γεροβασιλείου (Κτήμα),Viognier,2018,750ml,13.5%
Alpha Estate - Chardonnay (1851),Available in three work days,17.00,15.64,ALPHA,Chardonnay,2017,750ml,13%
Alpha Estate - Red (Old Vinatage) (1994_2013),Available in three work days,28.90,26.59,ALPHA,Merlot,2013,750ml,14.5%
Alpha Estate - Omega (102),Available in three work days,17.70,16.28,ALPHA,Gewurztraminer,2016,500ml,14%
Gerovassiliou - Avaton (56),,21.90,,Γεροβασιλείου (Κτήμα),Limnio,2016,750ml,13%
 Domaine Claudia Papayianni Red (2542),Available in three work days,15.10,13.89,Claudia Papayianni,Merlot,2016,750ml,13,4%
Deus - Rosato semi-sparkling Gift Pack (2580),,11.20,,Cavino,Syrah,750ml,8%,
Alpha Estate - Sauvignon Blanc Fume (3210),Available in three work days,17.00,15.64,ALPHA,Sauvignon Blanc,2018,750ml,13%
Alpha Estate - ONE (101_2011),,55.20,50.78,ALPHA,Syrah,2013,750ml,14.5%
Metoxi X - White (535),,,,Tsantalis,Sauvignon Blanc,2014,750ml,12%
Alpha Estate - Red (Old Vinatage) (1994_2012),,27.70,25.48,ALPHA,Merlot,2012,750ml,14.5%
Malvasia Paros (3999),,29.80,27.42,Moraitis,Monemvasia,2011,500ml,
Alpha Estate - Red (Old Vinatage) (1994_2009),Available in three work days,39.80,36.62,ALPHA,Merlot,2009,750ml,14.5%
Perivleptos Red (2083),,6.80,6.21,Theodorakakos,Agiorgitiko,2013,750ml,12.5%
Alpha Estate - Red (Old Vinatage) (1994_2004),,67.50,62.10,ALPHA,Merlot,2004,750ml,14.5%
14-18h (238),Available in three work days,,,Gaia,Agiorgitiko,2017,750ml,13%
Avantis Estate - Lenga (106),,11.80,10.86,Avantis,Gewurztraminer,2012,750ml,13%
Paraga - Red (95),,8.60,7.74,Kir Yiannis,Merlot,2017,750ml,13%
Alpha Estate - Red (Old Vinatage) (1994_2005),Available in three work days,61.50,56.58,ALPHA,Merlot,2005,750ml,14.5%
Chateau Julia - Merlot (42),,17.50,16.10,Lazaridis Costas,Merlot,2011,750ml,15%
Avantis Estate - Rose (107),Available in three work days,7.10,6.53,Avantis,Grenache Rouge,2012,750ml,13%
Avantis Estate - Agios Chronos (109),Available in three work days,24.80,22.82,Avantis,Syrah,2012,750ml,14%
Tesseris Limnes (316),,13.60,12.51,Kir Yiannis,Chardonnay,2018,750ml,13.5%
Metoxi Chromitsa - White (530),Available in three work days,,,Tsantalis,Chardonnay,2018,750ml,12%
Diaporos (319),Available in three work days,34.70,31.92,Kir Yiannis,Syrah,2016,750ml,14.5%
Deus - Rosato semi-sparkling (2580_bottle),Available in three work days,11.20,,Cavino,Syrah,750ml,8%,
Ampelou Idea White (2920),,7.30,6.72,Barafakas Estate,Malagouzia,2017,750ml,
Tomi Mantineia (2982),Available in three work days,9.20,8.46,Troupis Estate,Moshofilero,2017,750ml,
Mple Alepou Magnum (M2465_2012),,91.80,,Kir Yiannis,Merlot,1500,14.5%,
Avantis Estate - Lenga (4198),,11.80,10.86,Avantis,Gewurztraminer,2012,750ml,13%
Chrysogerakas (3273),Available in three work days,29.80,27.42,Kir Yiannis,Gewurztraminer,2013,500ml,
Thousand Years White (3171),Available in three work days,10.70,9.84,Barafakas Estate,Chardonnay,2015,750ml,
Idisma Drios - Syrah (2208),,15.00,13.80,Techni Oinou,Syrah,2011,750ml,14%
Propodes (3915),Available in three work days,17.20,15.82,Zafeirakis,Chardonnay,2016,750ml,
Apocalypsis Barafakas (3914),Available in three work days,13.30,12.24,Barafakas Estate,Agiorgitiko,2013,750ml,
Idisma Drios - Chardonnay (2038),,15.00,13.80,Techni Oinou,Chardonnay,2016,750ml,14%
Avantis Estate - White (2416),,7.10,6.39,Avantis,Viognier,2012,750ml,12.5%
Moschofilero Skoura (1829),Available in three work days,9.30,8.56,Skouras,Moshofilero,2018,750ml,12%
Lyrarakis - Mandilari Rose (2201),,5.60,5.04,Lyrarakis,Mantilaria,2017,750ml,13%
Fleva (2290),,18.00,16.56,Skouras,Syrah,2017,750ml,14.5%
Emphasis - Tempranillo (2434),Available in three work days,20.50,18.86,Pavlidis,Tempranillo,2015,750ml,14%
Lyrarakis - Cabernet & Merlot (2205),Available in three work days,25.10,23.09,Lyrarakis,Cabernet Sauvignon,2012,750ml,13%
Emphasis - Syrah Magnum (M2435),Available in three work days,45.30,,Pavlidis,Syrah,1500,15%,
Flogero (302),,16.30,14.70,Katogi,Merlot,2010,750ml,13.5%
Viognier Cuvee Larsinos (113),Available in three work days,13.10,12.05,Skouras,Viognier,2017,750ml,13.5%
Estate Papaioannou - Old vines (456),Available in three work days,17.30,15.57,Papaioannou,Agiorgitiko,2010,750ml,13.5%
Nemea Aivali (133),,13.20,12.15,Aivalis,Agiorgitiko,2017,750ml,14%
Nostos Alexandra's (385),Available in three work days,15.20,13.98,Manoussakis,Grenache Rouge,2015,750ml,14%
Strofilia Red (312),Available in three work days,7.50,6.71,Στροφιλιά,Syrah,2017,750ml,13%
Nostos Syrah (386),Available in three work days,20.20,18.58,Manoussakis,Syrah,2015,750ml,14.5%
Armyra Skoura (3136),Available in three work days,11.80,10.86,Skouras,Chardonnay,2017,750ml,
Hatzidakis - Mavrotragano (1837),Available in three work days,36.80,33.86,Chatzidakis,Mantilaria,2016,750ml,14%
Rossiu di Munte - Syrah & Traminer (2486),,18.80,17.25,Katogi,Syrah,2009,750ml,13%
Efhes... Eratines - White (2043),Available in three work days,12.00,11.04,Pieria Eratini,Chardonnay,2018,750ml,13%
Theopetra Estate - Rose (2586),,12.00,11.04,Theopetra,Syrah,2018,750ml,13.5%
Lyrarakis - Daphne "Psarades" (2194),Available in three work days,9.90,8.91,Lyrarakis,Dafni,2009,750ml,12.5%
Atlantis - Red (2010),,13.00,11.70,Argyros,Mantilaria,2017,750ml,12.8%
Armyra Skoura Magnum (M3136),Available in three work days,26.00,,Skouras,Chardonnay,2017,750ml,
Gerovassiliou - Evangelo (M244),Available in three work days,62.00,,Γεροβασιλείου (Κτήμα),Syrah,1500,14%,
Fleva Magnum (M2290),Available in three work days,38.40,,Skouras,Syrah,1500,14.5%,
Vineyard Papaioannou - Rose Agiorgitiko (452),Available in three work days,6.70,6.16,Papaioannou,Agiorgitiko,2018,750ml,12%
Gerovassiliou - Sauvignon Blanc Fume (240),Available in three work days,17.60,,Γεροβασιλείου (Κτήμα),Sauvignon Blanc,2018,750ml,14,5%
Παπαγιαννάκος - Αγιωργίτικο - Cabernet (3204),Available in three work days,8.60,7.91,Papagiannakos,Cabernet Sauvignon,2016,750ml,
Melias (3169),,19.20,17.66,Papagiannakos,Malagouzia,2015,13%,
Mova (2867),Available in three work days,13.60,,Kokalis,Cabernet Sauvignon,2015,750ml,14%
Instinct White (2894),Available in three work days,14.60,,Silva-Daskalaki,Chardonnay,2017,750ml,
Domaine Tselepos - Dilofos (2466),Available in three work days,15.10,13.59,Tselepos,Cabernet Sauvignon,2015,750ml,13%
Dryope Estate - Nemea (262),,10.70,9.63,Dryopi,Agiorgitiko,2016,750ml,13%
Amalia Brut (549),Available in three work days,16.30,15.00,Tselepos,Moshofilero,750ml,12%,
Tselepos - Blanc de Gris  (2896),Available in three work days,12.00,11.04,Tselepos,Moshofilero,2018,750ml,13.5%
Don Giovanni (3822),Available in three work days,18.20,16.74,Papargyriou (Estate),Nebbiolo,2016,750ml,
Gerovassiliou - Malagouzia (2283),,13.60,,Γεροβασιλείου (Κτήμα),Malagouzia,2018,750ml,12.5%
Avlotopi (548),Available in three work days,23.80,21.90,Tselepos,Cabernet Sauvignon,2015,750ml,14%
Mavros eis ton kivo (1763),Available in three work days,13.80,12.70,Zacharias,Merlot,2016,750ml,13%
Thea Mantinia (3780),,13.00,11.96,Semeli,Moshofilero,2017,750ml,
Alypius Oenos (2317),,10.10,,Anastasia Fragou,Merlot,2014,750ml,13.5%
Le Roi des Montagnes Cuvee (3781),Available in three work days,22.40,20.61,Papargyriou (Estate),Cabernet Sauvignon,2016,750ml,
Agiorgitiko Abaton Gold (4146),Available in three work days,15.30,,Tsantalis,Athiri,750ml,,
Biblia Chora Estate - Naturally Sweet 375ml (2014),,9.30,,Vivlia Chora,Gewurztraminer,375ml,13.5%,
Vinsanto 20 years Barrel Aged 1990 vintage  (175),,80.60,,Argyros,Aidani,1989,500ml,13.5%
Domaine Katsaros - Chardonnay (295),Available in three work days,17.40,,Katsaros,Chardonnay,2017,750ml,13.5%
Spyropoulos Estate - Syrah (506),Available in three work days,15.70,,Spiropoulos,Syrah,2007,13%,
La Tour Melas (2552_2012),,56.00,,Kyros Melas,Cabernet Franc,2015,750ml,14.5%
Biblia Chora Estate - Naturally Sweet 375ml (4148),,24.80,,Vivlia Chora,Traminer,2016,500ml,13%
Estate Karydas Collectible (2041),Available in three work days,21.30,,Karydas,Cabernet Sauvignon,2014,750ml,14%
Gimnos Vasilias (2042),Available in three work days,31.20,,Pieria Eratini,Syrah,2016,750ml,15%
Orino Red (2449),,6.30,,Spiropoulos,Syrah,2017,750ml,13%
Samos Vin Doux (516),,6.60,,Samos,Moshato Samou,2017,750ml,15%
Plagios - White (2477),Available in three work days,17.60,,Vivlia Chora,Chardonnay,2017,750ml,12%
Tetramythos White (3164),Available in three work days,9.20,7.54,Τetramythos,Roditis,2018,750ml,
Vineyard Papaioannou - Aristocracy (447),Available in three work days,11.70,,Papaioannou,Sauvignon Blanc,2017,750ml,14%
